Carácter,Cantidad,Frecuencia
A,11,0.09821428571428571
B,2,0.017857142857142856
C,4,0.03571428571428571
D,3,0.026785714285714284
E,14,0.125
G,3,0.026785714285714284
I,6,0.05357142857142857
L,6,0.05357142857142857
M,3,0.026785714285714284
N,6,0.05357142857142857
O,7,0.0625
P,4,0.03571428571428571
Q,1,0.008928571428571428
R,10,0.08928571428571429
S,4,0.03571428571428571
T,3,0.026785714285714284
U,4,0.03571428571428571
V,2,0.017857142857142856
 ,17,0.15178571428571427
;,2,0.017857142857142856